Comment,Designator,Footprint,LCSC Part #
PKLCS1212E4001,BZ1,Buzzer_Murata_PKLCS1212E,C113159
4.7uF,"C1,C2",C_0603_1608Metric,C19666
1uF,"C3,C8,C12,C14",C_0603_1608Metric,C15849
10uF,C4,C_0603_1608Metric,C19702
100nF,"C5,C6,C7,C10",C_0603_1608Metric,C14663
10nF,C9,C_0603_1608Metric,C57112
47nF,C11,C_0603_1608Metric,C1622
22nF,C13,C_0603_1608Metric,C21122
CHG red,D1,LED_0603_1608Metric,C2286
BAV199,"D2,D3",SOT-23,C40919
RGB,D4,LED_RGB_1615_CA,C601683
USB-C (charge only),J1,USB_C_Receptacle_HRO_TYPE-C-31-M-12,C165948
AO3401A,Q1,SOT-23,C15127
2N7002,Q2,SOT-23,C8545
5.1k,"R1,R2,R14",R_0603_1608Metric,C23186
10k,"R3,R5,R9,R18",R_0603_1608Metric,C25804
1k,"R4,R15,R16,R19,R25",R_0603_1608Metric,C21190
15k,R6,R_0603_1608Metric,C22809
1M,"R7,R8,R20,R30",R_0603_1608Metric,C22935
4.7M,"R10,R11",R_1206_3216Metric,C37800
470k,R12,R_0603_1608Metric,C23178
4.7k,R13,R_0603_1608Metric,C23162
10k 0.1%,R17,R_1206_3216Metric,C136889
47k,R21,R_0603_1608Metric,C25819
100k,"R22,R23",R_0603_1608Metric,C25803
680,R24,R_0603_1608Metric,C23228
330,R26,R_0603_1608Metric,C23138
220,"R27,R28",R_0603_1608Metric,C22962
330k,R29,R_0603_1608Metric,C23137
BUTTON A,SW1,SW_Push_1P1T_XKB_TS-1187A,C318884
BUTTON B,SW2,SW_Push_1P1T_XKB_TS-1187A,C318884
BUTTON C,SW3,SW_Push_1P1T_XKB_TS-1187A,C318884
RESET,SW4,SW_Push_1P1T_XKB_TS-1187A,C318884
POWER,SW5,SW_SPDT_Shouhan_MSK12C02,C431540
STM32L051K8T6,U1,LQFP-32_7x7mm_P0.8mm,C915970
MCP73831T-2ACI/OT,U2,SOT-23-5,C424093
XC6206P302MR (3.0 V),U3,SOT-23-3,C9972
TL431AIDBZR,U4,SOT-23,C23892
