Designator,Qty,Value,Footprint,Manufacturer,MPN,LCSC
BZ1,1,PKLCS1212E4001,Buzzer_Murata_PKLCS1212E,Murata,PKLCS1212E4001-R1,C113159
"C1,C2",2,4.7uF,C_0603_1608Metric,Samsung Electro-Mechanics,CL10A475KO8NNNC,C19666
"C3,C8,C12,C14",4,1uF,C_0603_1608Metric,Samsung Electro-Mechanics,CL10A105KB8NNNC,C15849
C4,1,10uF,C_0603_1608Metric,Samsung Electro-Mechanics,CL10A106KP8NNNC,C19702
"C5,C6,C7,C10,C13",5,100nF,C_0603_1608Metric,YAGEO,CC0603KRX7R9BB104,C14663
C9,1,10nF,C_0603_1608Metric,Fenghua,0603B103K500NT,C57112
C11,1,47nF,C_0603_1608Metric,Samsung Electro-Mechanics,CL10B473KB8NNNC,C1622
D1,1,CHG red,LED_0603_1608Metric,Hubei KENTO,KT-0603R,C2286
"D2,D3",2,BAV199,SOT-23,Nexperia,"BAV199,215",C40919
D4,1,RGB,LED_RGB_1615_CA,TOGIALED,TJ-S1615CY6TGLCCYRGB-A5,C601683
J1,1,USB-C (charge only),USB_C_Receptacle_HRO_TYPE-C-31-M-12,Korean Hroparts Elec,TYPE-C-31-M-12,C165948
Q1,1,AO3401A,SOT-23,Alpha & Omega,AO3401A,C15127
Q2,1,2N7002,SOT-23,Jiangsu Changjing,2N7002,C8545
"R1,R2",2,5.1k,R_0603_1608Metric,UNI-ROYAL,0603WAF5101T5E,C23186
"R3,R5,R9,R13,R14,R18",6,10k,R_0603_1608Metric,UNI-ROYAL,0603WAF1002T5E,C25804
"R4,R15,R16,R19,R25",5,1k,R_0603_1608Metric,UNI-ROYAL,0603WAF1001T5E,C21190
R6,1,15k,R_0603_1608Metric,UNI-ROYAL,0603WAF1502T5E,C22809
"R7,R8,R20",3,1M,R_0603_1608Metric,UNI-ROYAL,0603WAF1004T5E,C22935
"R10,R11",2,4.7M,R_1206_3216Metric,UNI-ROYAL,1206W4F4704T5E,C37800
R12,1,470k,R_0603_1608Metric,UNI-ROYAL,0603WAF4703T5E,C23178
R17,1,10k 0.1%,R_1206_3216Metric,YAGEO,RT1206BRD0710KL,C136889
R21,1,47k,R_0603_1608Metric,UNI-ROYAL,0603WAF4702T5E,C25819
"R22,R23",2,100k,R_0603_1608Metric,UNI-ROYAL,0603WAF1003T5E,C25803
R24,1,680,R_0603_1608Metric,UNI-ROYAL,0603WAF6800T5E,C23228
R26,1,330,R_0603_1608Metric,UNI-ROYAL,0603WAF3300T5E,C23138
"R27,R28",2,220,R_0603_1608Metric,UNI-ROYAL,0603WAF2200T5E,C22962
SW1,1,BUTTON A,SW_Push_1P1T_XKB_TS-1187A,XKB Connection,TS-1187A-B-A-B,C318884
SW2,1,BUTTON B,SW_Push_1P1T_XKB_TS-1187A,XKB Connection,TS-1187A-B-A-B,C318884
SW3,1,BUTTON C,SW_Push_1P1T_XKB_TS-1187A,XKB Connection,TS-1187A-B-A-B,C318884
SW4,1,RESET,SW_Push_1P1T_XKB_TS-1187A,XKB Connection,TS-1187A-B-A-B,C318884
SW5,1,POWER,SW_SPDT_Shouhan_MSK12C02,SHOU HAN,MSK12C02,C431540
U1,1,STM32L051K8T6,LQFP-32_7x7mm_P0.8mm,STMicroelectronics,STM32L051K8T6,C915970
U2,1,MCP73831T-2ACI/OT,SOT-23-5,Microchip,MCP73831T-2ACI/OT,C424093
U3,1,XC6206P302MR (3.0 V),SOT-23-3,Torex,XC6206P302MR-G,C9972
