Designator,Mid X,Mid Y,Layer,Rotation
BZ1,9.0000mm,10.4800mm,Top,90
C1,22.0000mm,11.1800mm,Top,90
C2,38.6000mm,8.1800mm,Top,90
C3,50.6000mm,8.7800mm,Top,90
C4,43.8000mm,11.7800mm,Top,0
C5,58.0000mm,8.3800mm,Top,90
C6,40.6000mm,17.5800mm,Top,90
C7,48.0000mm,32.1800mm,Top,0
C8,44.6000mm,17.5800mm,Top,90
C9,46.2000mm,17.5800mm,Top,90
C10,42.6000mm,17.5800mm,Top,90
C11,56.8000mm,29.1800mm,Top,90
C12,55.2000mm,15.1800mm,Top,90
C13,64.6000mm,26.7800mm,Top,0
C14,6.2000mm,38.7800mm,Top,0
D1,16.6000mm,4.7800mm,Top,90
D2,65.2000mm,16.3800mm,Top,0
D3,65.2000mm,7.3800mm,Top,0
D4,47.8000mm,48.7800mm,Top,0
J1,27.0000mm,3.9800mm,Top,0
Q1,3.6000mm,36.3800mm,Top,90
Q2,8.6000mm,36.3800mm,Top,90
R1,23.6000mm,11.1800mm,Top,90
R2,30.6000mm,11.1800mm,Top,90
R3,33.0000mm,13.3800mm,Top,0
R4,18.2000mm,4.7800mm,Top,90
R5,32.4000mm,16.5800mm,Top,0
R6,32.4000mm,18.1800mm,Top,0
R7,54.8000mm,8.3800mm,Top,90
R8,56.4000mm,8.3800mm,Top,90
R9,35.4000mm,22.9800mm,Top,0
R10,75.8000mm,32.9800mm,Top,0
R11,69.0000mm,32.9800mm,Top,0
R12,58.4000mm,29.1800mm,Top,90
R13,52.0000mm,15.1800mm,Top,90
R14,53.6000mm,15.1800mm,Top,90
R15,50.4000mm,15.1800mm,Top,90
R16,60.2000mm,23.5800mm,Top,0
R17,70.2000mm,20.7800mm,Top,0
R18,60.2000mm,18.7800mm,Top,0
R19,60.2000mm,11.3800mm,Top,0
R20,70.2000mm,11.3800mm,Top,0
R21,70.2000mm,24.3800mm,Top,0
R22,3.2000mm,32.7800mm,Top,0
R23,12.0000mm,36.3800mm,Top,90
R24,45.0000mm,42.3800mm,Top,90
R25,46.6000mm,42.3800mm,Top,90
R26,48.2000mm,42.3800mm,Top,90
R27,19.0000mm,19.3800mm,Top,0
R28,19.0000mm,17.7800mm,Top,0
SW1,8.5000mm,29.4800mm,Top,0
SW2,19.5000mm,29.4800mm,Top,0
SW3,30.5000mm,29.4800mm,Top,0
SW4,72.0000mm,48.4800mm,Top,0
SW5,57.0000mm,1.9800mm,Top,0
U1,44.0000mm,24.9800mm,Top,90
U2,35.4000mm,9.3800mm,Top,90
U3,47.0000mm,9.1800mm,Top,180
